Discount_Percent,Order_Count,Total_Revenue,Total_Profit,Avg_Margin_Pct
0.0,461,708808.59,317530.12673932005,44.79
0.05,249,358411.953,149221.87354715855,41.67
0.1,251,356725.611,139896.59028482594,38.62
0.2,258,336638.488,103366.32000966897,31.76
0.5,236,203679.99,-22664.112562244303,-10.3
